id	name	kana	weather	sky_name	emotion	emotion_description	soranoeki_sky	soranoeki_sky_description	fortune_message	advice_message	lucky_action	lucky_item	lucky_color	lucky_place	archetype_1	archetype_2	archetype_3	character_name	sky_character_name	catch_copy	species	species_8	species_category_1	species_category_2	title	character_comment_1	character_comment_2	feeling_ kawaii	feeling	impulse	action	color	emotion_type	rank	rarity	fortune_score_1	fortune_score_2	energy	love	work	money	growth	healing	challenge	attribute	energy	love	work	money	growth	healing	challenge
1	乾為天	けんいてん	晴	創高空	高揚感	まっすぐ空へ昇っていく感覚	無限に澄み切った高天	澄み切った高天がどこまでも広がり新しい可能性が目を覚ましている	今日は新しい風が吹き込みそう。思いついたことは試してみよう。	完璧を待たず最初の一歩を大切に。	新しいことをひとつ始める	白い羽根	ゴールド	高台	創造	はじめる人	はじまりやさん	ソラル	空かける人		創空族	創空族	天空精	天空精	はじまりを呼ぶ空の子	なんか始まりそう…！	なんか始まりそう…！	わくわく	ワクワクしている	はじめたい	やってみる…！	gold	CLEAR	SSR	SSR	98	98	100	80	95	88	100	65	100	CREATION	98	72	95	88	100	55	90
2	坤為地	こんいち	曇	曇広空	包容感	やさしく包まれて安心する感覚	低く広がる受容の雲床	厚い雲が大地をやさしく包み受け入れる力を育てている	心をゆるめることで良い流れが入ってきそう。	無理に進まず受け取る姿勢を大切に。	好きな飲み物でひと休みする	ブランケット	ベージュ	草原	受容	うけとめる人	うけとめやさん	モクモ	雲だきの人		受雲族	受雲族	雲精	雲精	やさしく包む雲の子	ほっとする…	だいじょうぶだよ…	ほっこり	安心している	受け入れたい	だいじにする…	sand	CLOUD	SSR	SSR	90	90	55	95	80	82	85	100	45	HARMONY	68	95	75	82	85	100	35
3	水雷屯	すいらいちゅん	雷	雷乱空	戸惑い	始まりの混乱に飲まれる感覚	乱層に走る初動の閃光	雷鳴が遠くで響き混沌の中から始まりが生まれようとしている	始まりの混乱があっても大丈夫。少しずつ道が見えてくるよ。	焦らず目の前の一歩だけ見よう。	やることを一つだけ決める	懐中電灯	イエロー	交差点	混沌	まよいながら進む人	まよいあるきさん	ライチュン	雷さがしの人		雷芽族	雷芽族	雷精	雷精	迷いを越える雷の子	どうしよう…！	こわくても進む…！	どきどき	戸惑っている	進みたい	いってみる…！	electric	LIGHTNING	R	R	74	74	78	60	65	58	98	50	92	TRIAL	62	65	70	68	92	55	98
4	山水蒙	さんすいもう	曇	白霧空	好奇心	まだ何も見えない霧の感覚	視界を閉ざす未分化の白層	霧が景色を隠し学びへの入口を静かに示している	新しい学びとの出会いがありそうな日。	わからないことを楽しむ気持ちを忘れずに。	気になったことを調べる	小さなノート	ミストホワイト	図書館	未熟	しりたがる人	しりたいこ	キリル	霧たどる人		霞雲族	受雲族	霧精	霧精	ふしぎを集める霧の子	わからない…	まだわかんない…！	ふしぎ	知りたがっている	知りたい	しりたい…	mist	CLOUD	SR	R	76	76	60	68	75	60	100	62	72	GROWTH	70	72	68	65	95	70	80
5	水天需	すいてんじゅ	雨	待雨空	忍耐感	静かに待ち続ける感覚	降下直前で張りつめた湿層	雨雲は満ちているがまだ降らず時を待つ力を教えている	待つことにも意味がある一日。	答えを急がず流れを信じてみよう。	空を見上げる	腕時計	スカイブルー	バス停	待機	まつ人	まちまちさん	アメマチ	雨まちの人		雨流族	雨巡族	雨精	雨精	時を待つ雨の子	まだかな…	もうちょっとだけ…	そわそわ	待っている	待ちたい	まだかな…	teal	MIXED	SR	R	78	78	52	72	70	68	88	85	60	STABILITY	65	78	75	80	85	88	60
6	天水訟	てんすいしょう	雷	流雷空	苛立ち	気持ちがぶつかり合う感覚	衝突する対流層	異なる流れがぶつかり空に緊張が走っている	意見の違いが見えやすい日。	感情より事実を大切にすると◎。	言葉を選んで伝える	青いペン	ストームグレー	橋の上	対立	つたえる人	ちゃんというさん	ライロン	雷ことばの人		閃雷族	雷芽族	雷精	雷精	想いを伝える雷の子	なんかピリピリする…	ちゃんと言う…！	むずむず	イライラしている	伝えたい	ちゃんと言う…	storm	MIXED	R	R	68	68	72	55	68	62	75	45	80	TRIAL	72	55	68	62	82	45	95
7	地水師	ちすいし	雨	重陣空	緊張感	集団の重圧を背負う感覚	重圧を背負う集団雲	重い雲の下で仲間たちが進む覚悟を固めている	責任ある役割が回ってきそう。	一人で抱え込まず仲間を信じよう。	誰かを手伝う	リュックサック	ダークグレー	広場	責任	ささえる人	ささえやさん	グラン	雲ささえの人		守雲族	受雲族	雲精	土雲精	みんなを支える雲の子	行かなきゃ…	がんばる…！	きりっ	背負っている	支えたい	がんばる…！	gray	CLOUD	R	R	72	72	70	65	78	65	82	55	85	ACTION	80	65	88	70	75	55	85
8	水地比	すいちひ	雨	寄添空	親近感	誰かと寄り添いたい感覚	寄り添って満ちる湿気	静かな雨が人と人を近づけ安心を育てている	人とのつながりが心を温めてくれる日。	近くの人との縁を大切に。	感謝を伝える	ペアマグカップ	ターコイズ	カフェ	親和	よりそう人	よりそいさん	シズク	雨やどりの人		寄雨族	雨巡族	雨精	雨精	寄り添う雨の子	一緒だ…	そばにいる…	あんしん	寄り添いたがっている	つながりたい	そばにいる…	teal	CLOUD	SR	R	88	88	62	98	75	72	80	95	55	RELATION	72	96	72	75	80	88	45
9	風天小畜	ふうてんしょうちく	風	蓄風空	落ち着き	少しずつ整っていく感覚	少しずつ整う風の上層	風は静かに力をため次の動きを待っている	少しずつ整っていく流れ。	小さな積み重ねを信じて続けよう。	机の上を片付ける	貯金箱	リーフグリーン	庭	調整	ためる人	ためためさん	フワリ	風ための人		蓄風族	風旅族	風精	風精	力をためる風の子	まだかな…	まだかな…	こつこつ	整えている	ためたい	ためてる…	leafgreen	WIND	SR	R	82	82	75	72	82	78	88	72	65	STABILITY	72	78	80	82	78	85	50
10	天沢履	てんたくり	風	慎歩空	慎重さ	慎重に一歩を踏み出す感覚	慎重に踏み出す朝の光	足元を確かめながら慎重に前へ進む空気が流れている	慎重さが力になる日。	急がず確認しながら進もう。	靴を整える	歩きやすい靴	アンバー	石畳	緊張	たしかめる人	そーっとさん	アシタ	空あしの人		歩空族	創空族	天空精	天空精	慎重に歩く空の子	こわい…	そーっと…	しんちょう	慎重になっている	慎みたい	そーっと…	amber	EARTH	SR	R	80	80	72	70	85	75	82	65	72	STABILITY	75	75	82	78	76	80	60
11	地天泰	ちてんたい	晴	泰春空	安堵感	世界が穏やかに流れる感覚	上下が調和した穏層空	天地の気が通い合い穏やかな春空が広がっている	穏やかな追い風が吹いている。	今ある幸せを味わってみよう。	深呼吸をする	花の飾り	ゴールド	公園	安定	ととのえる人	ほっとさん	ハルナ	春まもりの人		調空族	創空族	天空精	朝陽精	調和を育てる空の子	よかった…	よかった…	のんびり	ほっとしている	整えたい	ほっとする…	gold	CLEAR	SSR	SR	93	93	85	90	88	90	86	95	78	HARMONY	88	95	90	90	85	95	25
12	天地否	てんちひ	曇	塞曇空	閉塞感	閉じ込められている感覚	分断され閉じた上下層	雲は厚く流れは止まり静かな停滞が続いている	停滞を感じても心配しなくて大丈夫。	今は準備期間と考えてみよう。	無理な予定を減らす	温かいお茶	グレー	静かな部屋	停滞	たえしのぐ人	がまんこ	トドマル	曇とじの人		塞雲族	受雲族	雲精	土雲精	耐えしのぐ雲の子	苦しい…	だいじょうぶ…	しょんぼり	行き詰まっている	耐えたい	がまんする…	gray	MIXED	R	R	66	66	45	58	60	55	78	62	52	TRIAL	55	58	60	62	70	50	95
13	天火同人	てんかどうじん	晴	鳴夕空	一体感	人と心が通じる感覚	人の心が通い合う夕空	夕空に光が重なり人々の想いが響き合っている	人との共鳴が幸運を呼びそう。	ひとりより仲間との協力を意識して。	誰かに声をかける	おそろいアイテム	コーラル	交流スペース	共鳴	つながる人	つながりさん	ユイナ	灯ともす人		共光族	虹結族	光精	光結精	心をつなぐ光の子	一緒にやる…！	いっしょだね…	うれしい	つながっている	集まりたい	みんなで…	coral	EARTH	SR	R	89	89	82	95	85	78	84	80	82	RELATION	85	92	88	78	82	78	45
14	火天大有	かてんたいゆう	晴	極光空	満足感	光に満たされる感覚	光に満ちあふれる全天	空いっぱいに光が満ち豊かさがあふれている	豊かさを受け取れる日。	遠慮せず感謝して受け取ろう。	欲しかった物を使う	お気に入りの財布	シャイニーゴールド	展望台	豊穣	うけとる人	いっぱいさん	ヒカル	光あつめの人		豊光族	虹結族	光精	光結精	豊かさを運ぶ光の子	いっぱい…！	いっぱい…！	まんぞく	満たされている	受け取りたい	すごい…！	gold	CLEAR	SSR	SR	94	94	90	88	90	95	85	82	88	CREATION	95	85	92	95	90	75	40
15	地山謙	ちざんけん	曇	山霞空	控えめな安心	静かに控える感覚	低く静かにたたずむ土霞	低い霞が山を包み控えめな美しさを見せている	控えめな姿勢が信頼につながる日。	目立つより支える役を意識してみよう。	誰かを褒める	ハンカチ	サンドベージュ	神社	謙虚	ひかえる人	ひかえめさん	カスミ	霞かくれの人		謙山族	受雲族	土雲精	土雲精	ひかえめに咲く雲の子	静か…	しずか…	おだやか	控えている	控えたい	ひかえめに…	sand	EARTH	SR	R	84	84	58	85	80	75	90	88	55	HARMONY	70	88	82	80	78	92	40
16	雷地豫	らいちよ	雷	祭雷空	ワクワク感	心が弾み始める感覚	胸を弾ませる上昇気流	遠雷が響き胸を躍らせる期待が満ちている	楽しみな出来事が近づいている予感。	ワクワクする気持ちを大切に。	好きな予定を立てる	音楽プレイヤー	エレクトリックイエロー	イベント会場	高揚	たのしむ人	わくわくさん	ピカリ	祭り空の人		祭雷族	雷芽族	雷精	豊雷精	楽しさを運ぶ雷の子	ワクワク…	ワクワク…！	るんるん	ワクワクしている	楽しみたい	たのしい…！	electric	WIND	SR	SR	87	87	92	82	78	80	85	75	90	ACTION	92	82	85	75	80	70	55
17	沢雷随	たくらいずい	風	流風空	気楽さ	流れに身を任せる感覚	流れに身をゆだねる光雨	風と雲が自然に流れ無理なく道が続いている	流れに乗ることで道が開けそうな日。	無理に逆らわず自然な流れを感じてみよう。	周囲の意見を聞いてみる	風鈴	アクアブルー	川沿い	追従	ついていく人	ついてくさん	スイー	風ながれの人		流風族	風旅族	風精	風精	流れに乗る風の子	ついていく…	ついていく…	らくらく	流れに乗っている	従いたい	ついていく…	azure	RAIN	SR	R	83	76	68	88	72	70	74	82	60	適応系	78	85	80	75	82	76	40
18	山風蠱	さんぷうこ	風	修復空	改善意欲	乱れを整え直す感覚	乱れをほどく森霧	森を渡る風が乱れた流れを少しずつ整えている	整え直すチャンスが訪れそう。	気になっていたことを後回しにしないで。	身の回りを整理する	工具箱	フォレストグリーン	森	修復	なおす人	おなおしやさん	モリノ	森なおしの人		修森族	風旅族	森風精	恵風精	乱れをなおす森の子	なおしたい…	なおしたい…	もやもや	直したがっている	直したい	なおしたい…	leafgreen	CLOUD	SR	R	79	72	65	62	82	70	88	60	74	修復系	70	68	84	72	88	60	72
19	地沢臨	ちたくりん	曇	朝光空	希望感	希望が近づいてくる感覚	希望が近づく朝光	やわらかな光が近づき新しい流れを迎えようとしている	良い流れが近づいてきている予感。	前向きな気持ちで迎え入れよう。	新しい予定を立てる	朝日写真	ライトアンバー	丘	期待	むかえる人	おむかえさん	アサヒ	朝ひかりの人		迎光族	創空族	朝光精	朝陽精	希望を迎える光の子	きてる…	きてる…！	きたい	期待している	迎えたい	まってる…	amber	CLEAR	SR	R	88	86	78	84	80	76	82	74	72	成長系	85	84	88	82	90	78	35
20	風地観	ふうちかん	風	遠望空	冷静さ	静かに見つめる感覚	遠くまで見渡す静かな風層	高い風が遠くの景色を静かに見渡している	落ち着いて周囲を見渡せる日。	結論を急がず観察を大切に。	景色を眺める	双眼鏡	ミストグレー	見晴らし台	観察	みつめる人	みつめるこ	ミハル	遠みる人		観風族	風旅族	風精	風精	遠くを見つめる風の子	みてる…	みてる…	しずか	見つめている	見つめたい	みてる…	mist	WIND	SR	R	81	74	55	70	86	72	84	78	58	観察系	65	72	78	75	85	82	28
21	火雷噬嗑	からいぜいこう	雷	断雷空	闘志	強く突破したい感覚	強く裂いて進む火雷	雷光が迷いを断ち切り進むべき道を照らしている	壁を越える力が湧いてきそう。	迷ったら一歩踏み出してみよう。	難しいことに挑戦する	キーホルダー	クリムゾン	駅前	突破	つきぬける人	つきぬけさん	イカズチ	雷わけの人		断雷族	雷芽族	雷精	雷精	道を切り開く雷の子	やるしかない…！	いく…！	めらめら	立ち向かっている	突破したい	いく…！	coral	LIGHTNING	SR	R	80	80	92	60	84	70	82	55	90	突破系	90	62	88	80	86	45	75
22	山火賁	さんかひ	晴	彩雲空	ときめき	美しく飾りたい感覚	美しく染まる紅葉空	夕陽が雲を染め美しさが静かに輝いている	美しいものとの縁がありそう。	外見だけでなく心の彩りも大切に。	お気に入りを身につける	アクセサリー	プラム	花畑	装飾	かざる人	おしゃれこ	モミジ	彩り雲の人		彩雲族	受雲族	彩雲精	彩雲精	空を飾る彩りの子	きれい…	きれい…	きらきら	ときめいている	飾りたい	かわいくする…	plum	FIRE	SR	R	77	78	68	86	70	72	76	80	60	美化系	72	86	75	78	68	74	30
23	山地剥	さんちはく	雪	崩雪空	寂しさ	崩れ落ちていく感覚	崩れ落ちる冷たい雲壁	雪雲が崩れ古いものが静かに剥がれ落ちていく	不要なものを手放す流れの日。	終わりを恐れず次の準備をしよう。	不要な物をひとつ捨てる	古い写真	スノーグレー	雪道	喪失	てばなす人	てばなしさん	ユキハ	雪ほどけの人		剥雪族	雪守族	雪精	雪精	古いものを手放す雪の子	こわれる…	なくなる…	さみしい	失いかけている	手放したい	なくなる…	storm	MIXED	R	R	65	58	40	50	55	52	62	78	38	試練系	45	52	58	55	72	40	92
24	地雷復	ちらいふく	虹	復光空	安堵感	また戻ってこれた感覚	光が戻る冬明けの空	雨雲の向こうから光が戻り新しい始まりを告げている	新しいスタートの気配が見えてきそう。	失敗より再出発を信じてみよう。	やり直したいことを始める	虹色シール	ムーンシルバー	雨上がりの公園	再生	もどる人	おかえりさん	ヒカリエ	光もどりの人		虹光族	虹結族	虹精	再生精	光を取り戻す虹の子	もどった…！	もどった…！	ほっとする	戻ってきている	戻りたい	もどる…！	moon	CLEAR	SR	SR	89	88	76	82	80	74	86	88	72	再生系	82	80	78	76	90	88	25
25	天雷无妄	てんらいむぼう	晴	蒼澄空	素直さ	自然体でいたい感覚	自然体で澄む蒼天	澄んだ青空が飾らないまっすぐな力を映している	自然体でいることが幸運の鍵。	無理に飾らず素直な自分でいよう。	本音をひとつ言葉にする	青空写真	アジュールブルー	草原	純粋	しんじる人	まっすぐさん	アオラ	青空しんじる人		蒼空族	創空族	天空精	天空精	まっすぐ進む空の子	そのまま…	そのまま…	まっすぐ	信じている	信じたい	そのままいく…	azure	CLEAR	SR	R	86	84	82	74	78	72	80	70	76	純真系	84	78	82	76	88	75	32
26	山天大畜	さんてんたいちく	曇	蓄山空	自信	力を蓄えている感覚	力を蓄える山晴れ	山の向こうで力が静かに積み重なっている	力を蓄える時間が未来を育てる日。	焦らず準備を整えていこう。	知識をひとつ増やす	収納ボックス	モスグリーン	山小屋	蓄積	たくわえる人	ためこみさん	クラネ	山ための人		蓄山族	雪守族	山精	山精	力を蓄える山の子	ためてる…	ためてる…	じわじわ	蓄えている	蓄えたい	ためる…	leafgreen	EARTH	SSR	R	91	82	70	68	88	84	90	72	66	蓄積系	76	72	90	88	92	70	40
27	山雷頤	さんらいい	雨	滋養空	満たされ感	満たされたい感覚	満たし育てる木漏れ日	雨が大地を潤し命を育てる流れを作っている	心と体を満たすことが大切な日。	まずは自分自身を大切にしよう。	温かい食事をとる	お弁当箱	ライムグリーン	木陰	滋養	そだてる人	そだてやさん	コモレ	木もれびの人		育樹族	雷芽族	木漏れ精	木霊精	命を育てる森の子	おなかすいた…	おなかすいた…	ぽかぽか	満たされたがっている	満たしたい	たべたい…	leafgreen	EARTH	SR	R	85	80	68	78	74	72	84	88	60	育成系	75	82	76	74	88	90	35
28	沢風大過	たくふうたいか	風	暴風空	圧迫感	限界が近づく感覚	限界に近い暴風層	強い風が吹き抜け限界を試すように揺らしている	少し負荷を感じやすい日。	一人で抱え込まず助けを求めよう。	深呼吸を3回する	タオル	ダークネイビー	海辺	負荷	ふんばる人	ふんばりさん	アラシ	風ふんばりの人		暴風族	風旅族	暴風精	風精	限界を支える風の子	ゆれる…！	ふんばる…！	ぐらぐら	踏ん張っている	支えたい	ふんばる…！	storm	MIXED	R	R	69	62	85	55	72	58	70	45	92	負荷系	58	60	74	70	80	42	88
29	坎為水	かんいすい	雨	深水空	恐れ	深く沈み込む感覚	深く沈む暗い水気	深い雨雲が続き見えない不安が心を包んでいる	不安の中にも進む道はある。	怖さを否定せず受け入れてみよう。	小さな成功を記録する	温かい飲み物	ターコイズ	川辺	不安	のりこえる人	こわいけどさん	ミズネ	深水あるきの人		深雨族	雨巡族	水精	水精	深い雨を越える水の子	こわいけど…	こわいけど…	こわごわ	不安になっている	乗り越えたい	こわいけど…	teal	RAIN	SR	SR	78	56	52	58	66	54	82	48	86	試練系	55	58	70	68	90	50	95
30	離為火	りいか	晴	真炎空	熱意	激しく燃え上がる感覚	全体を照らす真昼の熱	太陽の光が空を満たし情熱を燃え上がらせている	情熱が周囲を照らす一日。	好きなことに素直に向き合おう。	夢や目標を書き出す	キャンドル	コーラルレッド	夕焼けスポット	情熱	もやす人	めらめらさん	ホノカ	太陽もやしの人		聖火族	炎灯族	炎精	炎精	情熱を灯す炎の子	あつい…！	あつい…！	あつあつ	燃えている	燃えたい	がんばる…！	coral	FIRE	SSR	SSR	95	92	96	82	88	78	86	60	94	創造系	96	84	92	82	88	60	45
31	沢山咸	たくさんかん	曇	感応空	ときめき	心が惹かれ合う感覚	心が惹かれ合う淡い空	静かな空気の中で心が自然と引き寄せられている	心が動く出会いや発見がありそう。	ときめきを大切にしてみよう。	気になることを調べる	小さな花	ローズピンク	水辺	心惹	きになる人	きになるこ	コイロ	こころひかれの人		恋風族	雷芽族	恋風精	恋雷精	心惹かれる風の子	なんか気になる…	なんか気になる…	どきっ	惹かれている	近づきたい	きになる…	plum	FIRE	SR	R	86	86	72	94	70	68	78	76	72	共鳴系	82	95	76	72	84	80	30
32	雷風恒	らいふうこう	風	恒風空	安定感	変わらず続いていく感覚	変わらず巡る永風	変わらぬ風が吹き続け積み重ねる力を教えている	続けてきたことに意味が見えてくる日。	派手さより継続を信じよう。	いつもの習慣を続ける	手帳	グリーン	散歩道	継続	つづける人	こつこつさん	ツムギ	風つむぎの人		恒風族	風旅族	風精	渡風精	続ける力を持つ風の子	つづいてる…	つづいてる…	たんたん	続いている	続けたい	つづける…	leafgreen	WIND	SR	R	88	88	76	80	84	78	86	74	70	継続系	80	84	88	84	92	78	35
33	天山遯	てんざんとん	雪	退隠空	解放願望	静かに距離を置きたい感覚	光が退いていく夕闇	夕暮れの空が静かに閉じ無理をせず離れる時を告げている	今日は無理に前へ出るより距離を取ることで流れが整います。	離れることは負けではなく自分を守る選択です。	一人の時間をつくる	ブランケット	インディゴ	静かな公園	退避	はなれる人	にげるこ	ユウグレ	夕やみの人		隠空族	雪守族	夕空精	静山精	静かに離れる空の子	にげたい…	にげたい…	ほっとしたい	離れたがっている	離れたい	にげる…	indigo	FIRE	R	R	71	68	52	62	74	70	78	88	48	試練系	45	55	58	60	70	82	78
34	雷天大壮	らいてんたいそう	雷	壮雷空	自信満々	勢いが爆発する感覚	勢いが爆発する雷光	力強い雷鳴が空を震わせ前へ進む勢いを満たしている	勢いが高まり行動力が増す一日です。	力は正しい方向へ使うと大きな成果になります。	後回しを一つ終わらせる	スポーツタオル	エレクトリックイエロー	広場	躍動	つきすすむ人	いけいけさん	ライガ	雷つきすすむ人		壮雷族	雷芽族	雷精	豊雷精	勢いを放つ雷の子	いけそう…！	いけそう…！	いけそう	勢いづいている	進みたい	いく…！	electric	LIGHTNING	SSR	SR	90	90	96	72	88	80	84	58	95	創造系	95	75	90	82	78	55	85
35	火地晋	かちしん	晴	昇陽空	希望	前へ進みたくなる感覚	前へ進みたくなる朝焼け	朝日がゆっくり昇り昨日より少し前へ進む力を照らしている	昨日より一歩前進できる流れが訪れています。	小さな前進を自分で認めてください。	新しい挑戦を始める	朝日モチーフ	サンライズオレンジ	高台	前進	のびていく人	のびのびさん	ノボル	朝のぼりの人		昇陽族	創空族	朝陽精	朝陽精	前へ進む朝日の子	すすんでる…	すすんでる…	きぼう	前へ進んでいる	進みたい	すすむ…！	coral	FIRE	SSR	SR	92	88	84	78	86	80	88	70	82	創造系	88	78	92	84	86	68	72
36	地火明夷	ちかめいい	雨	隠光空	我慢	光を隠して耐える感覚	光を隠して耐える夜炎	厚い雲の奥に光を隠しながら静かに耐える時間が流れている	今は光を外へ出しすぎず守る時です。	焦らず実力を温存しましょう。	静かな場所で休む	ランタン	ダークレッド	落ち着く部屋	潜伏	かくれる人	かくれんぼさん	カゲリ	灯かくしの人		隠火族	炎灯族	夜炎精	夜炎精	光を守る炎の子	つらい…	つらい…	しくしく	耐えている	守りたい	かくれる…	plum	FIRE	R	R	73	60	48	58	70	66	76	82	45	試練系	40	52	58	55	82	75	88
37	風火家人	ふうかかじん	晴	暖灯空	安心	居場所を守りたい感覚	居場所を守る暖灯	あたたかな灯りが空を染め帰れる場所の安心を包んでいる	安心できる居場所との縁が深まります。	身近な人への感謝を言葉にしましょう。	家族や仲間に連絡する	マグカップ	アンバー	自宅	居所	まもる人	おうちさん	タダイマ	おかえりの人		灯家族	炎灯族	灯火精	灯火精	帰る場所を守る灯の子	ただいま…	おかえり…	あったかい	守っている	守りたい	ここがいい…	amber	EARTH	SR	SR	87	86	72	92	78	76	82	84	62	調和系	75	95	78	72	80	88	55
38	火沢睽	かたくけい	雷	離心空	孤独感	すれ違ってしまう感覚	すれ違いを生む分裂空	雲は同じ空にありながら別々の方向へ流れている	意見の違いが見えやすい日です。	違いの中にも学びがあります。	相手の話を最後まで聞く	鏡	パープル	交差点	離合	わかりあいたい人	すれちがいさん	スレチ	ちがう空の人		離空族	虹結族	分岐精	光結精	違いを映す空の子	なんで…？	なんで…？	ぽつん	すれ違っている	わかりあいたい	ちがうの…？	purple	MIXED	R	R	70	64	68	48	74	70	78	54	72	変化系	62	45	70	65	78	50	85
39	水山蹇	すいざんけん	雪	阻雪空	もどかしさ	前へ進めない感覚	前に進めない雪雨	雪混じりの風が行く手を遮り立ち止まる意味を教えている	思うように進まなくても意味のある停滞です。	遠回りが最善になる場合もあります。	計画を見直す	防寒マフラー	スノーホワイト	坂道	停滞	たちどまる人	たちどまりさん	ユキドメ	雪どまりの人		阻雪族	雪守族	雪精	雪精	立ち止まる雪の子	すすめない…	すすめない…	もどかしい	足止めされている	乗り越えたい	どうしよう…	snow	RAIN	R	R	67	58	46	60	62	58	74	68	42	試練系	35	50	52	48	88	72	95
40	雷水解	らいすいかい	虹	解放空	開放感	重荷がほどける感覚	重荷がほどける雨上がり	雨上がりの虹が空にかかり重荷から解き放たれる時を告げている	抱えていた重荷が軽くなる兆しがあります。	解放されたら次の一歩を考えましょう。	不要な物を手放す	虹モチーフ	スカイブルー	雨上がりの道	解放	ほどく人	ほぐしやさん	ニジハ	虹ほどきの人		解虹族	虹結族	虹精	再生精	重荷をほどく虹の子	たすかった…！	たすかった…！	すっきり	解放されている	ほどきたい	ほっとした…！	azure	RAIN	SR	SSR	89	89	80	84	76	74	82	92	72	再生系	82	78	75	72	88	92	42
41	山沢損	さんたくそん	曇	削山空	納得感	何かを削り落とす感覚	余分を削る枯山	余分な雲が静かに消え本当に必要なものだけが残されていく	減らすことで豊かさが見えてきます。	本当に必要なものを選びましょう。	持ち物を整理する	整理ボックス	サンドベージュ	収納スペース	削減	へらす人	へらしやさん	ソギル	雲けずりの人		削山族	雪守族	山精	山精	余分を削る山の子	へらしてる…	へらしてる…	なっとく	手放している	手放したい	へらす…	sand	EARTH	SR	SR	82	72	58	70	76	68	84	74	55	調整系	55	65	72	50	82	80	72
42	風雷益	ふうらいえき	風	恵風空	手応え	力が増していく感覚	力が増していく春嵐	やさしい風が広がり小さな善意が大きく育っていく	善意や努力が増幅される流れです。	与えたものは巡って返ってきます。	誰かを手伝う	植物の種	リーフグリーン	花壇	成長	ふやす人	ふやしやさん	メグル	風そだての人		恵風族	風旅族	恵風精	恵風精	育て広げる風の子	ふえてる…！	ふえてる…！	うれしい	育っている	育てたい	ふやしたい…！	leafgreen	MIXED	SSR	SR	91	92	86	82	88	84	94	76	86	成長系	90	82	88	85	95	78	58
43	沢天夬	たくてんかい	雷	決断空	覚悟	決断を下す感覚	決断を下す閃光	雷光が雲を切り裂き迷いの先へ進む決意を照らしている	決断のタイミングが訪れています。	迷い続けるより選ぶ勇気が大切です。	一つ決断する	万年筆	ゴールド	展望台	決意	きめる人	きめるさん	ケツイ	雷きめる人		決雷族	雷芽族	雷精	雷精	決断を照らす雷の子	きめた…！	きめた…！	きっぱり	決めている	決めたい	きめる…！	electric	LIGHTNING	SR	SR	84	88	92	68	86	78	82	58	96	決断系	88	62	90	80	85	50	82
44	天風姤	てんぷうこう	風	遭風空	驚き	突然出会ってしまう感覚	突然出会う突風	思いがけない風が吹き予想外の出会いを運んできている	予想外の出会いや発見がありそうです。	偶然を楽しむ余裕を持ちましょう。	新しい場所を見る	風鈴	ティール	入口付近	遭遇	であう人	であったこ	フイニ	風であいの人		遭風族	風旅族	風精	渡風精	出会いを運ぶ風の子	なんか来た…！	なんか来た…！	びっくり	出会っている	出会いたい	あった…！	teal	WIND	SR	R	76	76	72	84	68	70	78	64	74	変化系	75	72	70	68	82	55	78
45	沢地萃	たくちすい	曇	聚雲空	連帯感	人や感情が集まる感覚	人や感情が集まる湿雲	雲が自然に集まり人や想いがひとつになろうとしている	人とのつながりが力になる日です。	一人で抱え込まないでください。	仲間と話す	アルバム	ミストグレー	コミュニティスペース	集合	あつまる人	あつまるこ	アツメ	雲あつめの人		聚雲族	受雲族	雲精	雲精	想いを集める雲の子	あつまってる…	あつまってる…	わいわい	集まっている	集まりたい	みんなで…！	mist	CLOUD	SR	SR	88	86	74	90	82	76	80	84	68	調和系	82	92	80	75	85	85	60
46	地風升	ちふうしょう	晴	昇風空	向上心	ゆっくり昇っていく感覚	ゆっくり昇る朝霧上昇	風がゆっくり空へ昇り努力が少しずつ実を結んでいる	努力が少しずつ形になり始めています。	急がず積み重ねることが近道です。	目標を一つ進める	階段モチーフ	ムーンシルバー	階段	上昇	のぼる人	のぼるこ	ノビル	空のぼりの人		昇風族	創空族	上昇風精	上昇風精	空へ昇る風の子	あがってる…！	あがってる…！	ぐんぐん	伸びている	伸びたい	のびる…！	moon	CLOUD	SR	SR	87	90	78	80	88	82	94	74	80	成長系	80	78	85	80	92	72	62
47	沢水困	たくすいこん	雨	深雨空	疲労感	心が塞がっていく感覚	心が塞がる深夜雨	長い雨が続き心を閉ざしそうになる時間が流れている	疲れや閉塞感を感じやすい日です。	まずは心と体を休ませましょう。	温かい飲み物を飲む	温かい飲み物	インディゴ	静かなカフェ	困窮	がまんする人	へとへとさん	ナガアメ	夜雨の人		困雨族	雨巡族	雨精	深水精	苦しみに耐える雨の子	くるしい…	くるしい…	へとへと	疲れている	耐えたい	がまんする…	indigo	RAIN	R	R	68	54	42	52	58	56	72	48	40	試練系	30	42	50	45	90	60	98
48	水風井	すいふうせい	風	泉風空	安定感	内側から湧いてくる感覚	内側から湧く湧水	澄んだ泉から風が生まれ変わらない価値を静かに届けている	変わらない価値があなたを支えてくれます。	足元にある恵みを見直してみましょう。	いつもの習慣を丁寧に行う	水筒	アクアブルー	井戸や噴水の近く	循環	みたす人	いどばたさん	イズミ	泉まもりの人		泉風族	雨巡族	泉精	泉精	心を満たす泉の子	いつもの…	いつもの…	じんわり	満たしている	満たしたい	つづける…	teal	RAIN	SR	SR	85	84	68	76	82	84	86	88	60	安定系	72	80	82	78	84	90	48
49	沢火革	たくかかく	雷	革命空	変化欲求	大きく変わりたい感覚	大きく変わる革命夕焼け	夕焼けの空が大きく色を変え古い流れが新しい姿へ生まれ変わろうとしている	大きな変化の波が近づいています。	古い殻を脱ぐ勇気が未来を開きます。	新しいことを一つ始める	新しいノート	コーラルレッド	夕焼けの見える場所	変化	かわる人	かわりたいこ	カワル	夕焼けかわりの人		革命族	虹結族	革命精	再生精	変化を起こす夕空の子	かわるの…？	かわるの…？	うずうず	変わりたがっている	変わりたい	かわりたい…！	coral	MIXED	SSR	SR	90	90	88	72	86	80	96	62	94								
50	火風鼎	かふうてい	晴	聖火空	充実感	世界を整えていく感覚	世界を整える聖火	聖なる火が静かに燃え続け積み上げたものが形になろうとしている	積み上げてきたものが形になり始めます。	完成度を高める仕上げを意識しましょう。	作業を最後まで終わらせる	お気に入りの食器	ゴールド	ダイニング	完成	しあげる人	しあげやさん	カタチ	聖火つむぎの人		鼎火族	炎灯族	聖火精	聖火精	完成へ導く火の子	できた…！	できた…！	じゅうじつ	整っている	整えたい	ちゃんとする…！	gold	FIRE	SSR	SR	92	92	82	80	92	86	90	74	82								
51	震為雷	しんいらい	雷	爆雷空	驚愕	衝撃が走る感覚	衝撃が走る爆雷	突然の雷鳴が空を揺らし眠っていた力を呼び覚ましている	予想外の出来事が流れを動かします。	驚きの中にも成長の種があります。	気になったことを調べる	ベル	エレクトリックイエロー	開けた場所	覚醒	めざめる人	びっくりさん	ビリリ	雷めざめの人		轟雷族	雷芽族	雷精	雷精	眠りを破る雷の子	びっくり…！	びっくり…！	はっ	驚いている	目覚めたい	おきる…！	electric	LIGHTNING	SSR	SSR	93	84	98	68	78	70	88	52	98								
52	艮為山	ごんいさん	雪	静山空	平静	動きを止める感覚	動きを止める静山	雪をいただく山は静かに佇み立ち止まる大切さを教えている	立ち止まることで見える景色があります。	無理に動かず静けさを味わいましょう。	深呼吸をする	クッション	ストーングレー	山や丘	静止	やすむ人	おやすみさん	ヤスミ	雪やすみの人		静雪族	雪守族	山精	静山精	静けさを守る山の子	やすむ…	やすむ…	すやすや	休んでいる	止まりたい	やすむ…！	gray	EARTH	SR	SR	86	80	42	72	76	74	78	96	38								
53	風山漸	ふうざんぜん	風	渡風空	着実感	少しずつ近づく感覚	少しずつ近づく渡り風	渡り風が山を越え少しずつ確かな変化を運んでいる	少しずつ進む流れが味方しています。	焦らない積み重ねが成功につながります。	小さな目標を進める	ウォーキングシューズ	リーフグリーン	散歩道	漸進	すこしずつ進む人	てくてくさん	テクテク	渡り風の人		渡風族	風旅族	渡風精	渡風精	少しずつ進む風の子	ゆっくり…	ゆっくり…	てくてく	少しずつ進んでいる	進みたい	すこしずつ…！	leafgreen	WIND	SR	SR	84	88	72	84	86	80	94	82	70								
54	雷沢帰妹	らいたくきまい	雷	恋雷空	不安と期待	不安定な恋に揺れる感覚	揺れる春雷恋空	春の雷が水面を揺らし新しい関係の始まりを告げている	感情が揺れやすい一日になりそうです。	結論を急がず気持ちを見つめましょう。	心の声を書き出す	アクセサリー	ローズピンク	水辺	揺心	ゆれる人	どきどきさん	ココロネ	春雷ゆれの人		恋雷族	雷芽族	恋雷精	恋雷精	揺れる心の雷の子	どうなるの…？	どうなるの…？	そわどき	揺れている	受け入れたい	やってみる…！	plum	LIGHTNING	R	R	72	68	78	88	62	66	74	58	84								
55	雷火豊	らいかほう	雷	豊雷空	充足感	エネルギーが満ちる感覚	エネルギーが満ちる夏雷	雷光が空いっぱいに広がり生命の力が満ちあふれている	エネルギーが満ちあふれる好調日です。	勢いだけでなく周囲への配慮も忘れずに。	楽しい予定を入れる	ひまわり	サマーオレンジ	賑やかな場所	充実	みちあふれる人	ぱあっとさん	ミチル	雷みちる人		豊雷族	雷芽族	豊雷精	豊雷精	満ちあふれる雷の子	いっぱい…！	いっぱい…！	ぱあっ	満ちている	満たしたい	うれしい…！	coral	LIGHTNING	SSR	SSR	94	96	100	86	92	88	90	68	96								
56	火山旅	かざんりょ	風	旅火空	探求心	居場所を探し続ける感覚	居場所を探す焚火夜	遠くの灯火が旅人を照らし新しい景色へ導いている	新しい景色との出会いがありそうです。	変化を恐れず経験を楽しみましょう。	知らない道を歩く	トラベルポーチ	アンバー	駅	旅路	さがす人	たびするこ	タビル	旅びとの人		旅火族	炎灯族	旅火精	灯火精	居場所を探す旅の子	どこいくの…？	どこいくの…？	きょろきょろ	探している	探したい	いってみる…！	amber	FIRE	SR	R	78	74	76	66	72	68	86	60	82								
57	巽為風	そんいふう	風	明風空	柔軟さ	静かに染み込む感覚	静かに染み込む透明風	透明な風が静かに吹き抜け気づかないうちに世界へ染み込んでいく	優しい影響が静かに広がる日です。	強引さより柔らかな伝え方が効果的です。	感謝を伝える	羽根モチーフ	ティール	風通しの良い場所	浸透	ひろげる人	さらさらさん	ソヨカ	風しみこみの人		透風族	風旅族	透明風精	透明風精	世界へ広がる風の子	ひろがってる…	ひろがってる…	さらさら	広がっている	届けたい	ひろげたい…！	teal	CLEAR	SR	SR	88	88	70	84	84	80	88	82	68								
58	兌為沢	だいたく	虹	笑沢空	喜び	笑い合いたくなる感覚	笑い合いたくなる水光	雨上がりの光が水面に揺れ心から笑い合える空気が満ちている	笑顔や喜びが人を引き寄せます。	楽しい気持ちを周囲と分かち合いましょう。	好きな人と話す	笑顔の写真	アジュールブルー	湖畔	歓喜	わらう人	にこにこさん	ニコラ	笑い空の人		星彩族	虹結族	沢精	光結精	笑顔を集める沢の子	たのしい…！	たのしい…！	にこにこ	喜んでいる	笑いたい	うれしい…！	azure	RAIN	SR	SR	89	92	82	94	78	82	80	88	72								
59	風水渙	ふうすいかん	風	霧散空	解放感	境界が溶けていく感覚	境界が溶ける霧散	風が霧を運び境界をほどきながら新しい流れを生み出している	固まっていたものがほどけていきます。	執着を手放すと新しい流れが入ります。	不要な考えを手放す	アロマミスト	ミストグレー	川辺	拡散	ほどける人	ふわふわさん	フワリネ	霧ほどきの人		霧風族	受雲族	霧風精	霧精	境界をほどく風の子	ほどけてる…	ほどけてる…	ふわふわ	ほどけている	流したい	さらさら…！	mist	CLOUD	SR	SR	83	84	72	78	74	72	88	90	66								
60	水沢節	すいたくせつ	雨	冷泉空	自律感	自分を律する感覚	自分を律する冷泉	澄んだ泉が静かに流れ自分を整える節度を映している	自分を整えることが運気を高めます。	無理のない規律を大切にしてください。	生活リズムを整える	腕時計	スノーホワイト	図書館	節制	まもる人	ちゃんとさん	キチン	泉まもる人		節泉族	雨巡族	泉精	泉精	節度を守る泉の子	まもる…	ちゃんとする…	しゃきっ	律している	整えたい	ちゃんとする…！	snow	RAIN	SR	SR	82	82	64	72	86	84	82	86	58								
61	風沢中孚	ふうたくちゅうふ	虹	信風空	信頼感	心の奥を信じる感覚	心の奥を信じる青風	やさしい風が心の奥まで届き見えない信頼を育てている	信頼が深まる出来事がありそうです。	誠実な言葉が心を動かします。	約束を守る	手紙	スカイブルー	ベンチ	信頼	しんじあう人	しんじるこ	シンカ	信じ風の人		信風族	虹結族	信風精	信風精	信頼を育てる風の子	しんじる…	しんじる…	じーん	信じている	信じたい	だいじにする…！	azure	WIND	SSR	SR	90	94	76	96	84	80	88	90	72								
62	雷山小過	らいざんしょうか	雷	木霊空	気がかり	少しだけ行き過ぎる感覚	少しだけ行き過ぎる木霊雷	山あいに響く雷鳴が少しだけ行き過ぎた心を知らせている	細かなことに気づける日です。	大きな挑戦より丁寧な対応を心がけましょう。	身の回りを整える	メモ帳	リーフグリーン	森の小道	過敏	きをつかう人	きにしいさん	キヅカ	木霊ききの人		木霊族	雷芽族	木霊精	木霊精	小さな変化に気づく雷の子	やりすぎた…？	やりすぎた…？	おろおろ	気にしている	調整したい	なおしたい…！	leafgreen	LIGHTNING	SR	R	75	70	66	70	78	72	82	68	56								
63	水火既済	すいかきせい	晴	蒼炎空	達成感	完成した静けさの感覚	完成した静けさの蒼炎	静かな蒼い炎が揺れひとつの完成を穏やかに照らしている	ひとつの区切りや達成が見えてきます。	完成した後の維持も大切です。	成果を振り返る	青いキャンドル	ディープパープル	落ち着く部屋	完成	たもつ人	このままさん	アオビ	蒼炎まもりの人		蒼炎族	創空族	蒼炎精	蒼炎精	完成を見守る炎の子	できた…！	できた…！	おちつく	達成している	保ちたい	このまま…！	purple	CLEAR	SSR	SSR	96	98	84	88	96	92	78	94	60								
64	火水未済	かすいびせい	雨	未明空	焦りと希望	まだ終われない感覚	まだ終われない未明空	夜明け前の空がまだ続く物語と次の始まりを待っている	物語はまだ続いています。	焦らず次の一歩を準備しましょう。	明日の目標を決める	鍵モチーフ	オブシディアン	夜明け前の空が見える場所	未完	つづきを歩く人	まだまださん	アケル	夜明けまちの人		未明族	虹結族	未明精	再生精	続きを歩く夜明けの子	まだだよ…！	まだだよ…！	まだまだ	まだ続いている	続けたい	もうちょっと…！	obsidian	MIXED	SR	SSR	80	78	80	76	74	70	98	62	94								