Title,Description,Thumbnail url,Channel name,Views,Likes,Comments,Duration in seconds,Duration in minutes,Duration in timestamp,Duration,Uploaded Time,Video url,Tags,Tags (in description),Emails (in description),Links (in description)
愚者の正位置,,https://i.ytimg.com/vi/xKDCHf-JbKw/maxresdefault.jpg,Hanako Oyamada,23,0,0,38,0.63,0:38,38 Seconds,2023-02-18T13:17:20,https://www.youtube.com/watch?v=xKDCHf-JbKw,[],[],[],[]
愚者の逆位置,,https://i.ytimg.com/vi/M-tTGZW0F4k/maxresdefault.jpg,Hanako Oyamada,21,1,0,38,0.63,0:38,38 Seconds,2023-02-22T14:42:48,https://www.youtube.com/watch?v=M-tTGZW0F4k,[],[],[],[]
魔術師の正位置,,https://i.ytimg.com/vi/AgCSDKGQ730/maxresdefault.jpg,Hanako Oyamada,17,0,0,38,0.63,0:38,38 Seconds,2023-02-19T01:43:09,https://www.youtube.com/watch?v=AgCSDKGQ730,[],[],[],[]
魔術師の逆位置,,https://i.ytimg.com/vi/7R7TvvXV9Zg/maxresdefault.jpg,Hanako Oyamada,25,0,0,38,0.63,0:38,38 Seconds,2023-02-22T14:43:28,https://www.youtube.com/watch?v=7R7TvvXV9Zg,[],[],[],[]
女司祭の正位置,,https://i.ytimg.com/vi/EXGuTApPCjw/maxresdefault.jpg,Hanako Oyamada,21,0,0,38,0.63,0:38,38 Seconds,2023-02-21T14:32:17,https://www.youtube.com/watch?v=EXGuTApPCjw,[],[],[],[]
女司祭の逆位置,,https://i.ytimg.com/vi/u64mV4L6-aw/maxresdefault.jpg,Hanako Oyamada,120,0,0,38,0.63,0:38,38 Seconds,2023-02-16T01:40:10,https://www.youtube.com/watch?v=u64mV4L6-aw,[],[],[],[]
女帝の正位置,,https://i.ytimg.com/vi/Z6WFNii_y1c/maxresdefault.jpg,Hanako Oyamada,23,0,0,38,0.63,0:38,38 Seconds,2023-02-21T14:22:03,https://www.youtube.com/watch?v=Z6WFNii_y1c,[],[],[],[]
女帝の逆位置,,https://i.ytimg.com/vi/U9BhGq7Zme8/maxresdefault.jpg,Hanako Oyamada,18,0,0,38,0.63,0:38,38 Seconds,2023-02-22T14:44:15,https://www.youtube.com/watch?v=U9BhGq7Zme8,[],[],[],[]
皇帝の正位置,,https://i.ytimg.com/vi/MWTiJNc1thw/maxresdefault.jpg,Hanako Oyamada,121,0,0,38,0.63,0:38,38 Seconds,2023-02-16T01:58:21,https://www.youtube.com/watch?v=MWTiJNc1thw,[],[],[],[]
皇帝の逆位置,,https://i.ytimg.com/vi/drT46NzrSMI/maxresdefault.jpg,Hanako Oyamada,17,0,0,38,0.63,0:38,38 Seconds,2023-02-22T14:58:55,https://www.youtube.com/watch?v=drT46NzrSMI,[],[],[],[]
教皇の正位置,,https://i.ytimg.com/vi/fTGh6Q7NJxA/maxresdefault.jpg,Hanako Oyamada,12,0,0,38,0.63,0:38,38 Seconds,2023-02-21T14:16:43,https://www.youtube.com/watch?v=fTGh6Q7NJxA,[],[],[],[]
教皇の逆位置,,https://i.ytimg.com/vi/-5OHaIAbdDM/maxresdefault.jpg,Hanako Oyamada,35,0,0,38,0.63,0:38,38 Seconds,2023-02-22T14:51:02,https://www.youtube.com/watch?v=-5OHaIAbdDM,[],[],[],[]
恋人の正位置,,https://i.ytimg.com/vi/uMVxDuNGfNY/maxresdefault.jpg,Hanako Oyamada,20,0,0,38,0.63,0:38,38 Seconds,2023-02-21T14:13:44,https://www.youtube.com/watch?v=uMVxDuNGfNY,[],[],[],[]
恋人の逆位置,,https://i.ytimg.com/vi/42eIjl1M1-I/maxresdefault.jpg,Hanako Oyamada,50,0,0,38,0.63,0:38,38 Seconds,2023-02-22T14:47:15,https://www.youtube.com/watch?v=42eIjl1M1-I,[],[],[],[]
戦車の正位置,,https://i.ytimg.com/vi/ZjvilpRSq6A/maxresdefault.jpg,Hanako Oyamada,22,0,0,38,0.63,0:38,38 Seconds,2023-02-21T13:54:37,https://www.youtube.com/watch?v=ZjvilpRSq6A,[],[],[],[]
戦車の逆位置,,https://i.ytimg.com/vi/N8-FBxu_MNw/maxresdefault.jpg,Hanako Oyamada,17,0,0,38,0.63,0:38,38 Seconds,2023-02-22T14:45:15,https://www.youtube.com/watch?v=N8-FBxu_MNw,[],[],[],[]
力の正位置,,https://i.ytimg.com/vi/8l8RbQAIgkE/maxresdefault.jpg,Hanako Oyamada,84,0,0,38,0.63,0:38,38 Seconds,2023-02-15T10:47:39,https://www.youtube.com/watch?v=8l8RbQAIgkE,[],[],[],[]
力の逆位置,,https://i.ytimg.com/vi/I32YkkpEeTQ/maxresdefault.jpg,Hanako Oyamada,19,0,0,38,0.63,0:38,38 Seconds,2023-02-19T14:03:25,https://www.youtube.com/watch?v=I32YkkpEeTQ,[],[],[],[]
隠者の正位置,,https://i.ytimg.com/vi/MKUxYNd6_SA/maxresdefault.jpg,Hanako Oyamada,18,0,0,38,0.63,0:38,38 Seconds,2023-02-21T13:48:05,https://www.youtube.com/watch?v=MKUxYNd6_SA,[],[],[],[]
隠者の逆位置,,https://i.ytimg.com/vi/bkUpvibHWtI/maxresdefault.jpg,Hanako Oyamada,29,0,0,38,0.63,0:38,38 Seconds,2023-02-18T12:29:51,https://www.youtube.com/watch?v=bkUpvibHWtI,[],[],[],[]
運命の輪の正位置,,https://i.ytimg.com/vi/KMogYoUyLQ0/maxresdefault.jpg,Hanako Oyamada,14,0,0,38,0.63,0:38,38 Seconds,2023-02-18T12:48:00,https://www.youtube.com/watch?v=KMogYoUyLQ0,[],[],[],[]
運命の輪の逆位置,,https://i.ytimg.com/vi/dvlsLo8Q9sA/maxresdefault.jpg,Hanako Oyamada,16,0,0,38,0.63,0:38,38 Seconds,2023-02-22T14:45:58,https://www.youtube.com/watch?v=dvlsLo8Q9sA,[],[],[],[]
正義の正位置,,https://i.ytimg.com/vi/-7mMSmJ8LzU/maxresdefault.jpg,Hanako Oyamada,40,0,0,38,0.63,0:38,38 Seconds,2023-02-21T14:47:04,https://www.youtube.com/watch?v=-7mMSmJ8LzU,[],[],[],[]
正義の逆位置,,https://i.ytimg.com/vi/1EsJYFoCl_U/maxresdefault.jpg,Hanako Oyamada,127,0,0,38,0.63,0:38,38 Seconds,2023-02-16T01:44:33,https://www.youtube.com/watch?v=1EsJYFoCl_U,[],[],[],[]
吊られた男の正位置,,https://i.ytimg.com/vi/JxoFoqX8udM/maxresdefault.jpg,Hanako Oyamada,28,0,0,38,0.63,0:38,38 Seconds,2023-02-21T14:43:35,https://www.youtube.com/watch?v=JxoFoqX8udM,[],[],[],[]
吊られた男の逆位置,,https://i.ytimg.com/vi/49kxSLfgKNM/maxresdefault.jpg,Hanako Oyamada,32,0,0,38,0.63,0:38,38 Seconds,2023-02-22T14:46:37,https://www.youtube.com/watch?v=49kxSLfgKNM,[],[],[],[]
死の正位置,,https://i.ytimg.com/vi/bG2QGIONEU8/maxresdefault.jpg,Hanako Oyamada,14,0,0,38,0.63,0:38,38 Seconds,2023-02-21T14:40:44,https://www.youtube.com/watch?v=bG2QGIONEU8,[],[],[],[]
死の逆位置,,https://i.ytimg.com/vi/vJ2sa_S2oaY/maxresdefault.jpg,Hanako Oyamada,168,0,0,38,0.63,0:38,38 Seconds,2023-01-27T23:17:53,https://www.youtube.com/watch?v=vJ2sa_S2oaY,[],[],[],[]
節制の正位置,,https://i.ytimg.com/vi/qTymqm4YAwo/maxresdefault.jpg,Hanako Oyamada,16,0,0,38,0.63,0:38,38 Seconds,2023-02-18T15:38:25,https://www.youtube.com/watch?v=qTymqm4YAwo,[],[],[],[]
節制の逆位置,,https://i.ytimg.com/vi/Epd8-EZBKgU/maxresdefault.jpg,Hanako Oyamada,24,0,0,38,0.63,0:38,38 Seconds,2023-02-21T15:51:27,https://www.youtube.com/watch?v=Epd8-EZBKgU,[],[],[],[]
悪魔の正位置,,https://i.ytimg.com/vi/M0KcZVYA9lM/maxresdefault.jpg,Hanako Oyamada,14,0,0,38,0.63,0:38,38 Seconds,2023-02-17T00:12:51,https://www.youtube.com/watch?v=M0KcZVYA9lM,[],[],[],[]
悪魔の逆位置,,https://i.ytimg.com/vi/HyJ-m5xOnLw/maxresdefault.jpg,Hanako Oyamada,14,0,0,38,0.63,0:38,38 Seconds,2023-02-18T11:36:29,https://www.youtube.com/watch?v=HyJ-m5xOnLw,[],[],[],[]
塔の正位置,,https://i.ytimg.com/vi/WYyXwxrwq9s/maxresdefault.jpg,Hanako Oyamada,70,0,0,38,0.63,0:38,38 Seconds,2023-02-15T11:06:37,https://www.youtube.com/watch?v=WYyXwxrwq9s,[],[],[],[]
塔の逆位置,,https://i.ytimg.com/vi/ig_QTANjqcA/maxresdefault.jpg,Hanako Oyamada,21,0,0,38,0.63,0:38,38 Seconds,2023-02-21T15:16:44,https://www.youtube.com/watch?v=ig_QTANjqcA,[],[],[],[]
星の正位置,,https://i.ytimg.com/vi/uhVB9mPpCNw/maxresdefault.jpg,Hanako Oyamada,12,0,0,38,0.63,0:38,38 Seconds,2023-02-18T14:48:02,https://www.youtube.com/watch?v=uhVB9mPpCNw,[],[],[],[]
星の逆位置,,https://i.ytimg.com/vi/vCbA0Nk4U5g/maxresdefault.jpg,Hanako Oyamada,115,0,0,38,0.63,0:38,38 Seconds,2023-02-15T02:36:23,https://www.youtube.com/watch?v=vCbA0Nk4U5g,[],[],[],[]
月の正位置,,https://i.ytimg.com/vi/ikYHuKv5gTw/maxresdefault.jpg,Hanako Oyamada,105,0,0,38,0.63,0:38,38 Seconds,2023-02-16T02:10:02,https://www.youtube.com/watch?v=ikYHuKv5gTw,[],[],[],[]
月の逆位置,,https://i.ytimg.com/vi/HtWYHE-0dgQ/maxresdefault.jpg,Hanako Oyamada,26,0,0,38,0.63,0:38,38 Seconds,2023-02-21T15:47:08,https://www.youtube.com/watch?v=HtWYHE-0dgQ,[],[],[],[]
太陽の正位置,,https://i.ytimg.com/vi/3dlck5ykZMg/maxresdefault.jpg,Hanako Oyamada,87,0,0,38,0.63,0:38,38 Seconds,2023-02-15T11:11:58,https://www.youtube.com/watch?v=3dlck5ykZMg,[],[],[],[]
太陽の逆位置,,https://i.ytimg.com/vi/e8ileth1SDk/maxresdefault.jpg,Hanako Oyamada,74,0,0,38,0.63,0:38,38 Seconds,2023-02-16T12:58:16,https://www.youtube.com/watch?v=e8ileth1SDk,[],[],[],[]
審判の正位置,,https://i.ytimg.com/vi/QRMT-N9IUls/maxresdefault.jpg,Hanako Oyamada,9,0,0,38,0.63,0:38,38 Seconds,2023-02-19T14:07:51,https://www.youtube.com/watch?v=QRMT-N9IUls,[],[],[],[]
審判の逆位置,,https://i.ytimg.com/vi/IARyXz6JUes/maxresdefault.jpg,Hanako Oyamada,13,0,0,38,0.63,0:38,38 Seconds,2023-02-19T01:25:59,https://www.youtube.com/watch?v=IARyXz6JUes,[],[],[],[]
世界の正位置,,https://i.ytimg.com/vi/JV1nk-tAXKs/maxresdefault.jpg,Hanako Oyamada,9,0,0,38,0.63,0:38,38 Seconds,2023-02-21T14:26:11,https://www.youtube.com/watch?v=JV1nk-tAXKs,[],[],[],[]
世界の逆位置,,https://i.ytimg.com/vi/cSc4mL2rzjg/maxresdefault.jpg,Hanako Oyamada,122,0,0,38,0.63,0:38,38 Seconds,2023-01-31T22:22:29,https://www.youtube.com/watch?v=cSc4mL2rzjg,[],[],[],[]

棒の１正位置,,https://i.ytimg.com/vi/7K1fz_4eQiQ/maxresdefault.jpg,Hanako Oyamada,8,0,0,38,0.63,0:38,38 Seconds,2023-07-17T02:28:44,https://www.youtube.com/watch?v=7K1fz_4eQiQ,[],[],[],[]
棒の1逆位置,,https://i.ytimg.com/vi/rlMD6F9TRtE/maxresdefault.jpg,Hanako Oyamada,46,0,0,38,0.63,0:38,38 Seconds,2023-02-25T10:40:38,https://www.youtube.com/watch?v=rlMD6F9TRtE,[],[],[],[]
棒の２正位置,,https://i.ytimg.com/vi/OWbWTrWYwCQ/maxresdefault.jpg,Hanako Oyamada,6,0,0,38,0.63,0:38,38 Seconds,2023-02-25T14:39:03,https://www.youtube.com/watch?v=OWbWTrWYwCQ,[],[],[],[]
棒の２逆位置,,https://i.ytimg.com/vi/CDGTWAHmzWI/maxresdefault.jpg,Hanako Oyamada,7,0,0,38,0.63,0:38,38 Seconds,2023-03-02T05:42:15,https://www.youtube.com/watch?v=CDGTWAHmzWI,[],[],[],[]
棒の３正位置,,https://i.ytimg.com/vi/G9Xm0RbhWYM/maxresdefault.jpg,Hanako Oyamada,55,0,0,38,0.63,0:38,38 Seconds,2023-02-28T23:08:01,https://www.youtube.com/watch?v=G9Xm0RbhWYM,[],[],[],[]
棒の３逆位置,,https://i.ytimg.com/vi/6z47MBvYkdE/maxresdefault.jpg,Hanako Oyamada,17,0,0,38,0.63,0:38,38 Seconds,2023-02-25T11:09:44,https://www.youtube.com/watch?v=6z47MBvYkdE,[],[],[],[]
棒の４正位置,,https://i.ytimg.com/vi/A0o1sLL0ZeA/maxresdefault.jpg,Hanako Oyamada,38,0,0,38,0.63,0:38,38 Seconds,2023-02-25T14:47:11,https://www.youtube.com/watch?v=A0o1sLL0ZeA,[],[],[],[]
棒の4逆位置,,https://i.ytimg.com/vi/mOyN_93Ddqo/maxresdefault.jpg,Hanako Oyamada,7,0,0,38,0.63,0:38,38 Seconds,2023-02-25T16:01:16,https://www.youtube.com/watch?v=mOyN_93Ddqo,[],[],[],[]
棒の５正位置,,https://i.ytimg.com/vi/JIgurFdzhes/maxresdefault.jpg,Hanako Oyamada,10,0,0,38,0.63,0:38,38 Seconds,2023-02-25T14:54:52,https://www.youtube.com/watch?v=JIgurFdzhes,[],[],[],[]
棒の５逆位置,,https://i.ytimg.com/vi/o4p4odevdCk/maxresdefault.jpg,Hanako Oyamada,22,0,0,38,0.63,0:38,38 Seconds,2023-02-25T16:08:46,https://www.youtube.com/watch?v=o4p4odevdCk,[],[],[],[]
棒の６正位置,,https://i.ytimg.com/vi/eGdozSRkyvE/maxresdefault.jpg,Hanako Oyamada,12,0,0,38,0.63,0:38,38 Seconds,2023-02-25T15:01:42,https://www.youtube.com/watch?v=eGdozSRkyvE,[],[],[],[]
棒の６逆位置,,https://i.ytimg.com/vi/-WShgXu9TpE/maxresdefault.jpg,Hanako Oyamada,32,0,0,38,0.63,0:38,38 Seconds,2023-02-25T16:18:40,https://www.youtube.com/watch?v=-WShgXu9TpE,[],[],[],[]
棒の７正位置,,https://i.ytimg.com/vi/ZqR8ImKp9p0/maxresdefault.jpg,Hanako Oyamada,45,0,0,38,0.63,0:38,38 Seconds,2023-02-25T15:13:09,https://www.youtube.com/watch?v=ZqR8ImKp9p0,[],[],[],[]
棒の７逆位置,,https://i.ytimg.com/vi/Zu1gAi1PDA0/maxresdefault.jpg,Hanako Oyamada,22,0,0,38,0.63,0:38,38 Seconds,2023-02-25T16:21:39,https://www.youtube.com/watch?v=Zu1gAi1PDA0,[],[],[],[]
棒の８正位置,,https://i.ytimg.com/vi/SJekI3PpTHY/maxresdefault.jpg,Hanako Oyamada,58,0,0,38,0.63,0:38,38 Seconds,2023-02-25T15:23:27,https://www.youtube.com/watch?v=SJekI3PpTHY,[],[],[],[]
棒の８の逆位置,,https://i.ytimg.com/vi/ZSK6VlFwb3s/maxresdefault.jpg,Hanako Oyamada,80,0,0,38,0.63,0:38,38 Seconds,2023-01-27T23:32:15,https://www.youtube.com/watch?v=ZSK6VlFwb3s,[],[],[],[]
棒の９正位置,,https://i.ytimg.com/vi/uTt-XkC1cDo/maxresdefault.jpg,Hanako Oyamada,10,0,0,38,0.63,0:38,38 Seconds,2023-02-18T11:46:21,https://www.youtube.com/watch?v=uTt-XkC1cDo,[],[],[],[]
棒の９逆位置,,https://i.ytimg.com/vi/cm-j4cVo9uM/maxresdefault.jpg,Hanako Oyamada,15,0,0,38,0.63,0:38,38 Seconds,2023-02-25T16:53:13,https://www.youtube.com/watch?v=cm-j4cVo9uM,[],[],[],[]
棒の１０正位置,,https://i.ytimg.com/vi/AxNypNce2dg/maxresdefault.jpg,Hanako Oyamada,23,0,0,38,0.63,0:38,38 Seconds,2023-03-02T22:59:20,https://www.youtube.com/watch?v=AxNypNce2dg,[],[],[],[]
棒の１０逆位置,,https://i.ytimg.com/vi/PLphQ2ygloU/maxresdefault.jpg,Hanako Oyamada,15,0,0,38,0.63,0:38,38 Seconds,2023-02-25T16:27:31,https://www.youtube.com/watch?v=PLphQ2ygloU,[],[],[],[]
棒の従者の正位置,,https://i.ytimg.com/vi/xtmDB_RxGA0/maxresdefault.jpg,Hanako Oyamada,22,0,0,38,0.63,0:38,38 Seconds,2023-02-25T15:46:48,https://www.youtube.com/watch?v=xtmDB_RxGA0,[],[],[],[]
棒の従者の逆位置,,https://i.ytimg.com/vi/cCk5lzmWmYo/maxresdefault.jpg,Hanako Oyamada,11,0,0,38,0.63,0:38,38 Seconds,2023-02-25T16:31:57,https://www.youtube.com/watch?v=cCk5lzmWmYo,[],[],[],[]
棒の騎士の正位置,,https://i.ytimg.com/vi/ZU02QWdjam4/maxresdefault.jpg,Hanako Oyamada,9,0,0,38,0.63,0:38,38 Seconds,2023-02-25T15:53:17,https://www.youtube.com/watch?v=ZU02QWdjam4,[],[],[],[]
棒の騎士の逆位置,,https://i.ytimg.com/vi/Wn3xKjSWLq4/maxresdefault.jpg,Hanako Oyamada,6,0,0,38,0.63,0:38,38 Seconds,2023-02-25T16:34:39,https://www.youtube.com/watch?v=Wn3xKjSWLq4,[],[],[],[]
棒の女王の正位置,,https://i.ytimg.com/vi/7wZr1FqM9AI/maxresdefault.jpg,Hanako Oyamada,11,0,0,38,0.63,0:38,38 Seconds,2023-02-25T15:57:36,https://www.youtube.com/watch?v=7wZr1FqM9AI,[],[],[],[]
棒の女王の逆位置,,https://i.ytimg.com/vi/g38wslgII8U/maxresdefault.jpg,Hanako Oyamada,18,0,0,38,0.63,0:38,38 Seconds,2023-02-25T16:37:56,https://www.youtube.com/watch?v=g38wslgII8U,[],[],[],[]
棒の王の正位置,,https://i.ytimg.com/vi/qfziQcbZlvE/maxresdefault.jpg,Hanako Oyamada,82,0,0,38,0.63,0:38,38 Seconds,2023-02-16T01:53:43,https://www.youtube.com/watch?v=qfziQcbZlvE,[],[],[],[]
棒の王の逆位置,,https://i.ytimg.com/vi/rGTSEr9Keyo/maxresdefault.jpg,Hanako Oyamada,12,0,0,38,0.63,0:38,38 Seconds,2023-03-02T04:38:24,https://www.youtube.com/watch?v=rGTSEr9Keyo,[],[],[],[]

聖杯の１正位置,,https://i.ytimg.com/vi/vruNICVz7aU/maxresdefault.jpg,Hanako Oyamada,16,0,0,38,0.63,0:38,38 Seconds,2023-02-25T03:29:09,https://www.youtube.com/watch?v=vruNICVz7aU,[],[],[],[]
聖杯の１逆位置,,https://i.ytimg.com/vi/m9x1AmaRSbk/maxresdefault.jpg,Hanako Oyamada,5,0,0,38,0.63,0:38,38 Seconds,2023-02-25T17:02:38,https://www.youtube.com/watch?v=m9x1AmaRSbk,[],[],[],[]
聖杯の２正位置,,https://i.ytimg.com/vi/yeoyGOHpjxA/maxresdefault.jpg,Hanako Oyamada,24,0,0,38,0.63,0:38,38 Seconds,2023-02-28T23:04:05,https://www.youtube.com/watch?v=yeoyGOHpjxA,[],[],[],[]
聖杯の２逆位置,,https://i.ytimg.com/vi/i3m0Y6kg4hI/maxresdefault.jpg,Hanako Oyamada,9,0,0,38,0.63,0:38,38 Seconds,2023-02-25T17:04:49,https://www.youtube.com/watch?v=i3m0Y6kg4hI,[],[],[],[]
聖杯の３正位置,,https://i.ytimg.com/vi/3iErUSr4i44/maxresdefault.jpg,Hanako Oyamada,7,0,0,38,0.63,0:38,38 Seconds,2023-02-25T03:23:04,https://www.youtube.com/watch?v=3iErUSr4i44,[],[],[],[]
聖杯の３逆位置,,https://i.ytimg.com/vi/7G1qx0dnxM4/maxresdefault.jpg,Hanako Oyamada,12,0,0,38,0.63,0:38,38 Seconds,2023-02-25T17:08:29,https://www.youtube.com/watch?v=7G1qx0dnxM4,[],[],[],[]
聖杯の４正位置,,https://i.ytimg.com/vi/sJKdeHKHftM/maxresdefault.jpg,Hanako Oyamada,11,0,0,38,0.63,0:38,38 Seconds,2023-02-25T03:14:21,https://www.youtube.com/watch?v=sJKdeHKHftM,[],[],[],[]
聖杯の４逆位置,,https://i.ytimg.com/vi/1IpMym48VYw/maxresdefault.jpg,Hanako Oyamada,9,0,0,38,0.63,0:38,38 Seconds,2023-02-25T17:11:38,https://www.youtube.com/watch?v=1IpMym48VYw,[],[],[],[]
聖杯の５正位置,,https://i.ytimg.com/vi/cVWki0nvufY/maxresdefault.jpg,Hanako Oyamada,5,0,0,38,0.63,0:38,38 Seconds,2023-02-25T03:01:09,https://www.youtube.com/watch?v=cVWki0nvufY,[],[],[],[]
聖杯の5逆位置,,https://i.ytimg.com/vi/1mUEV95oW-0/maxresdefault.jpg,Hanako Oyamada,10,0,0,38,0.63,0:38,38 Seconds,2023-02-18T14:19:35,https://www.youtube.com/watch?v=1mUEV95oW-0,[],[],[],[]
聖杯の６正位置,,https://i.ytimg.com/vi/6bjJE20Fy7A/maxresdefault.jpg,Hanako Oyamada,4,0,0,38,0.63,0:38,38 Seconds,2023-02-18T13:24:49,https://www.youtube.com/watch?v=6bjJE20Fy7A,[],[],[],[]
聖杯の６逆位置,,https://i.ytimg.com/vi/SVXg8oVv1Wc/maxresdefault.jpg,Hanako Oyamada,20,0,0,38,0.63,0:38,38 Seconds,2023-02-17T00:16:29,https://www.youtube.com/watch?v=SVXg8oVv1Wc,[],[],[],[]
聖杯の７正位置,,https://i.ytimg.com/vi/V_6qeBcIml4/maxresdefault.jpg,Hanako Oyamada,4,0,0,38,0.63,0:38,38 Seconds,2023-02-18T11:40:31,https://www.youtube.com/watch?v=V_6qeBcIml4,[],[],[],[]
聖杯の７逆位置,,https://i.ytimg.com/vi/aH1d7wLhICs/maxresdefault.jpg,Hanako Oyamada,33,0,0,38,0.63,0:38,38 Seconds,2023-02-25T17:28:46,https://www.youtube.com/watch?v=aH1d7wLhICs,[],[],[],[]
聖杯の８正位置,,https://i.ytimg.com/vi/_rgg1jgM1uw/maxresdefault.jpg,Hanako Oyamada,15,0,0,38,0.63,0:38,38 Seconds,2023-02-25T02:50:12,https://www.youtube.com/watch?v=_rgg1jgM1uw,[],[],[],[]
聖杯の８逆位置,,https://i.ytimg.com/vi/CAo_sVLvxKo/maxresdefault.jpg,Hanako Oyamada,19,0,0,38,0.63,0:38,38 Seconds,2023-02-27T00:57:32,https://www.youtube.com/watch?v=CAo_sVLvxKo,[],[],[],[]
聖杯の９正位置,,https://i.ytimg.com/vi/DM1HxA-VQG0/maxresdefault.jpg,Hanako Oyamada,6,0,0,38,0.63,0:38,38 Seconds,2023-02-25T02:46:24,https://www.youtube.com/watch?v=DM1HxA-VQG0,[],[],[],[]
聖杯の９逆位置,,https://i.ytimg.com/vi/BgsLo-9tmvA/maxresdefault.jpg,Hanako Oyamada,15,0,0,38,0.63,0:38,38 Seconds,2023-02-25T17:19:23,https://www.youtube.com/watch?v=BgsLo-9tmvA,[],[],[],[]
聖杯の１０正位置,,https://i.ytimg.com/vi/7BKJxB1OzlE/maxresdefault.jpg,Hanako Oyamada,9,0,0,38,0.63,0:38,38 Seconds,2023-02-25T02:40:02,https://www.youtube.com/watch?v=7BKJxB1OzlE,[],[],[],[]
聖杯の１０逆位置,,https://i.ytimg.com/vi/pEHKTKJpS7o/maxresdefault.jpg,Hanako Oyamada,9,0,0,38,0.63,0:38,38 Seconds,2023-02-25T17:16:37,https://www.youtube.com/watch?v=pEHKTKJpS7o,[],[],[],[]
聖杯の従者の正位置,,https://i.ytimg.com/vi/VX7dYauIyRQ/maxresdefault.jpg,Hanako Oyamada,42,0,0,38,0.63,0:38,38 Seconds,2023-02-25T02:28:53,https://www.youtube.com/watch?v=VX7dYauIyRQ,[],[],[],[]
聖杯の従者の逆位置,,https://i.ytimg.com/vi/Gb_SZpzEjzI/maxresdefault.jpg,Hanako Oyamada,62,0,0,38,0.63,0:38,38 Seconds,2023-02-14T22:22:12,https://www.youtube.com/watch?v=Gb_SZpzEjzI,[],[],[],[]
聖杯の騎士の正位置,,https://i.ytimg.com/vi/P9Qbe7QzqK8/maxresdefault.jpg,Hanako Oyamada,21,0,0,38,0.63,0:38,38 Seconds,2023-02-25T02:30:56,https://www.youtube.com/watch?v=P9Qbe7QzqK8,[],[],[],[]
聖杯の騎士の逆位置,,https://i.ytimg.com/vi/Rn0d9wOiBJk/maxresdefault.jpg,Hanako Oyamada,64,0,0,38,0.63,0:38,38 Seconds,2023-02-16T02:33:47,https://www.youtube.com/watch?v=Rn0d9wOiBJk,[],[],[],[]
聖杯の女王正位置,,https://i.ytimg.com/vi/26VTGwAAFCM/maxresdefault.jpg,Hanako Oyamada,12,0,0,38,0.63,0:38,38 Seconds,2023-02-17T00:14:13,https://www.youtube.com/watch?v=26VTGwAAFCM,[],[],[],[]
聖杯の王の正位置,,https://i.ytimg.com/vi/3K5EPXnRnIM/maxresdefault.jpg,Hanako Oyamada,21,0,0,38,0.63,0:38,38 Seconds,2023-02-25T02:13:52,https://www.youtube.com/watch?v=3K5EPXnRnIM,[],[],[],[]
聖杯の女王の逆位置,,https://i.ytimg.com/vi/N1S34XmxSAc/maxresdefault.jpg,Hanako Oyamada,7,0,0,38,0.63,0:38,38 Seconds,2023-03-02T05:09:00,https://www.youtube.com/watch?v=N1S34XmxSAc,[],[],[],[]
聖杯の王の逆位置,,https://i.ytimg.com/vi/_vqBMtwdSWg/maxresdefault.jpg,Hanako Oyamada,16,0,0,38,0.63,0:38,38 Seconds,2023-02-25T17:14:17,https://www.youtube.com/watch?v=_vqBMtwdSWg,[],[],[],[]

剣の１正位置,,https://i.ytimg.com/vi/05r454X6gcA/maxresdefault.jpg,Hanako Oyamada,8,0,0,38,0.63,0:38,38 Seconds,2023-02-20T00:44:17,https://www.youtube.com/watch?v=05r454X6gcA,[],[],[],[]
剣の１逆位置,,https://i.ytimg.com/vi/qYkJAleMO6g/maxresdefault.jpg,Hanako Oyamada,12,0,0,38,0.63,0:38,38 Seconds,2023-02-19T23:36:31,https://www.youtube.com/watch?v=qYkJAleMO6g,[],[],[],[]
剣の２正位置,,https://i.ytimg.com/vi/8y7Ymhvp5WI/maxresdefault.jpg,Hanako Oyamada,8,0,0,38,0.63,0:38,38 Seconds,2023-02-17T00:12:04,https://www.youtube.com/watch?v=8y7Ymhvp5WI,[],[],[],[]
剣の２逆位置,,https://i.ytimg.com/vi/5fnrnTiBVYo/maxresdefault.jpg,Hanako Oyamada,14,0,0,38,0.63,0:38,38 Seconds,2023-02-18T15:44:52,https://www.youtube.com/watch?v=5fnrnTiBVYo,[],[],[],[]
剣の３正位置,,https://i.ytimg.com/vi/7z9apesZ7m8/maxresdefault.jpg,Hanako Oyamada,8,0,0,38,0.63,0:38,38 Seconds,2023-02-20T00:49:47,https://www.youtube.com/watch?v=7z9apesZ7m8,[],[],[],[]
剣の３逆位置,,https://i.ytimg.com/vi/t4J7PMDVa_c/maxresdefault.jpg,Hanako Oyamada,11,0,0,38,0.63,0:38,38 Seconds,2023-02-19T23:33:40,https://www.youtube.com/watch?v=t4J7PMDVa_c,[],[],[],[]
剣の４正位置,,https://i.ytimg.com/vi/SWI9hNyMrdw/maxresdefault.jpg,Hanako Oyamada,14,0,0,38,0.63,0:38,38 Seconds,2023-02-20T00:17:41,https://www.youtube.com/watch?v=SWI9hNyMrdw,[],[],[],[]
剣の４逆位置,,https://i.ytimg.com/vi/OkBPxLEo3Ug/maxresdefault.jpg,Hanako Oyamada,17,0,0,38,0.63,0:38,38 Seconds,2023-02-20T00:12:42,https://www.youtube.com/watch?v=OkBPxLEo3Ug,[],[],[],[]
剣の５正位置,,https://i.ytimg.com/vi/DX_Gd-pwpD4/maxresdefault.jpg,Hanako Oyamada,17,0,0,38,0.63,0:38,38 Seconds,2023-02-20T01:00:53,https://www.youtube.com/watch?v=DX_Gd-pwpD4,[],[],[],[]
剣の５逆位置,,https://i.ytimg.com/vi/zEsCug_lCUQ/maxresdefault.jpg,Hanako Oyamada,149,0,0,38,0.63,0:38,38 Seconds,2023-02-16T13:04:33,https://www.youtube.com/watch?v=zEsCug_lCUQ,[],[],[],[]
剣の６正位置,,https://i.ytimg.com/vi/SO4si4tquOE/maxresdefault.jpg,Hanako Oyamada,16,0,0,38,0.63,0:38,38 Seconds,2023-02-20T01:11:44,https://www.youtube.com/watch?v=SO4si4tquOE,[],[],[],[]
剣の６逆位置,,https://i.ytimg.com/vi/HMrPmdEOrJU/maxresdefault.jpg,Hanako Oyamada,13,0,0,38,0.63,0:38,38 Seconds,2023-02-18T11:57:09,https://www.youtube.com/watch?v=HMrPmdEOrJU,[],[],[],[]
剣の７正位置,,https://i.ytimg.com/vi/7VPa_OZ8MEw/maxresdefault.jpg,Hanako Oyamada,9,0,0,38,0.63,0:38,38 Seconds,2023-02-18T12:32:24,https://www.youtube.com/watch?v=7VPa_OZ8MEw,[],[],[],[]
剣の７逆位置,,https://i.ytimg.com/vi/csU5NxWhdz8/maxresdefault.jpg,Hanako Oyamada,13,0,0,38,0.63,0:38,38 Seconds,2023-02-18T12:25:43,https://www.youtube.com/watch?v=csU5NxWhdz8,[],[],[],[]
剣の８正位置,,https://i.ytimg.com/vi/KS-N0c2n6VY/maxresdefault.jpg,Hanako Oyamada,44,0,0,38,0.63,0:38,38 Seconds,2023-02-20T00:37:04,https://www.youtube.com/watch?v=KS-N0c2n6VY,[],[],[],[]
剣の８逆位置,,https://i.ytimg.com/vi/wRxn9C9r3-g/maxresdefault.jpg,Hanako Oyamada,10,0,0,38,0.63,0:38,38 Seconds,2023-02-19T01:21:45,https://www.youtube.com/watch?v=wRxn9C9r3-g,[],[],[],[]
剣の９の正位置,,https://i.ytimg.com/vi/EnNRx-jH4OU/maxresdefault.jpg,Hanako Oyamada,120,0,0,38,0.63,0:38,38 Seconds,2023-02-14T23:42:22,https://www.youtube.com/watch?v=EnNRx-jH4OU,[],[],[],[]
剣の９逆位置,,https://i.ytimg.com/vi/h-aJXzS_0EY/maxresdefault.jpg,Hanako Oyamada,11,0,0,38,0.63,0:38,38 Seconds,2023-02-19T23:25:20,https://www.youtube.com/watch?v=h-aJXzS_0EY,[],[],[],[]
剣の１０正位置,,https://i.ytimg.com/vi/KTiO07bJcCU/maxresdefault.jpg,Hanako Oyamada,13,0,0,38,0.63,0:38,38 Seconds,2023-02-20T00:53:14,https://www.youtube.com/watch?v=KTiO07bJcCU,[],[],[],[]
剣の１０逆位置,,https://i.ytimg.com/vi/LY6yxZrNBKY/maxresdefault.jpg,Hanako Oyamada,8,0,0,38,0.63,0:38,38 Seconds,2023-02-19T23:29:02,https://www.youtube.com/watch?v=LY6yxZrNBKY,[],[],[],[]
剣の従者の正位置,,https://i.ytimg.com/vi/8_Cb1ixcEGU/maxresdefault.jpg,Hanako Oyamada,27,0,0,38,0.63,0:38,38 Seconds,2023-02-20T00:31:09,https://www.youtube.com/watch?v=8_Cb1ixcEGU,[],[],[],[]
剣の従者の逆位置,,https://i.ytimg.com/vi/kCWHPpQxYJ0/maxresdefault.jpg,Hanako Oyamada,38,0,0,38,0.63,0:38,38 Seconds,2023-02-19T23:43:27,https://www.youtube.com/watch?v=kCWHPpQxYJ0,[],[],[],[]
剣の騎士の正位置,,https://i.ytimg.com/vi/fDs4dlgU0yw/maxresdefault.jpg,Hanako Oyamada,6,0,0,38,0.63,0:38,38 Seconds,2023-02-18T11:52:13,https://www.youtube.com/watch?v=fDs4dlgU0yw,[],[],[],[]
剣の騎士の逆位置,,https://i.ytimg.com/vi/zzRWK26z7J4/maxresdefault.jpg,Hanako Oyamada,10,0,0,38,0.63,0:38,38 Seconds,2023-02-19T23:48:41,https://www.youtube.com/watch?v=zzRWK26z7J4,[],[],[],[]
剣の女王の正位置,,https://i.ytimg.com/vi/S-BDswB6U4E/maxresdefault.jpg,Hanako Oyamada,7,0,0,38,0.63,0:38,38 Seconds,2023-02-20T00:40:22,https://www.youtube.com/watch?v=S-BDswB6U4E,[],[],[],[]
剣の女王の逆位置,,https://i.ytimg.com/vi/d6J7bILs5MM/maxresdefault.jpg,Hanako Oyamada,19,0,0,38,0.63,0:38,38 Seconds,2023-02-19T23:40:29,https://www.youtube.com/watch?v=d6J7bILs5MM,[],[],[],[]
剣の王の正位置,,https://i.ytimg.com/vi/fZD5yOPYmrQ/maxresdefault.jpg,Hanako Oyamada,10,0,0,38,0.63,0:38,38 Seconds,2023-02-20T00:27:44,https://www.youtube.com/watch?v=fZD5yOPYmrQ,[],[],[],[]
剣の王の逆位置,,https://i.ytimg.com/vi/0dXgZXdl7oU/maxresdefault.jpg,Hanako Oyamada,22,0,0,38,0.63,0:38,38 Seconds,2023-02-19T23:45:56,https://www.youtube.com/watch?v=0dXgZXdl7oU,[],[],[],[]

金貨の１正位置,,https://i.ytimg.com/vi/8XoWzr7nBsw/maxresdefault.jpg,Hanako Oyamada,10,0,0,38,0.63,0:38,38 Seconds,2023-02-23T12:27:35,https://www.youtube.com/watch?v=8XoWzr7nBsw,[],[],[],[]
金貨の１逆位置,,https://i.ytimg.com/vi/WWzvJvH_1yU/maxresdefault.jpg,Hanako Oyamada,23,0,0,38,0.63,0:38,38 Seconds,2023-02-24T08:10:42,https://www.youtube.com/watch?v=WWzvJvH_1yU,[],[],[],[]
金貨の２正位置,,https://i.ytimg.com/vi/SUVuIneoVIw/maxresdefault.jpg,Hanako Oyamada,7,0,0,38,0.63,0:38,38 Seconds,2023-02-23T12:33:48,https://www.youtube.com/watch?v=SUVuIneoVIw,[],[],[],[]
金貨の２逆位置,,https://i.ytimg.com/vi/81LwVVOVneg/maxresdefault.jpg,Hanako Oyamada,16,0,0,38,0.63,0:38,38 Seconds,2023-02-18T13:30:38,https://www.youtube.com/watch?v=81LwVVOVneg,[],[],[],[]
金貨の３正位置,,https://i.ytimg.com/vi/LjeQCl9vzlA/maxresdefault.jpg,Hanako Oyamada,11,0,0,38,0.63,0:38,38 Seconds,2023-02-23T13:27:35,https://www.youtube.com/watch?v=LjeQCl9vzlA,[],[],[],[]
金貨の３逆位置,,https://i.ytimg.com/vi/p76C4Uau-LA/maxresdefault.jpg,Hanako Oyamada,12,0,0,38,0.63,0:38,38 Seconds,2023-02-24T08:15:25,https://www.youtube.com/watch?v=p76C4Uau-LA,[],[],[],[]
金貨の４の正位置,,https://i.ytimg.com/vi/d1T8U-pQdaM/maxresdefault.jpg,Hanako Oyamada,92,0,0,38,0.63,0:38,38 Seconds,2023-02-14T23:55:44,https://www.youtube.com/watch?v=d1T8U-pQdaM,[],[],[],[]
金貨の４逆位置,,https://i.ytimg.com/vi/Rh9A8uynESI/maxresdefault.jpg,Hanako Oyamada,10,0,0,38,0.63,0:38,38 Seconds,2023-02-24T08:07:22,https://www.youtube.com/watch?v=Rh9A8uynESI,[],[],[],[]
金貨の５正位置,,https://i.ytimg.com/vi/_966Hk1cTfM/maxresdefault.jpg,Hanako Oyamada,12,0,0,38,0.63,0:38,38 Seconds,2023-02-18T12:40:41,https://www.youtube.com/watch?v=_966Hk1cTfM,[],[],[],[]
金貨の５逆位置,,https://i.ytimg.com/vi/xj5Cf6xDu3M/maxresdefault.jpg,Hanako Oyamada,8,0,0,38,0.63,0:38,38 Seconds,2023-03-02T04:27:45,https://www.youtube.com/watch?v=xj5Cf6xDu3M,[],[],[],[]
金貨の６正位置,,https://i.ytimg.com/vi/tO6q7qoTEkw/maxresdefault.jpg,Hanako Oyamada,7,0,0,38,0.63,0:38,38 Seconds,2023-02-23T12:42:24,https://www.youtube.com/watch?v=tO6q7qoTEkw,[],[],[],[]
金貨の６逆位置,,https://i.ytimg.com/vi/V125Lwcw7o4/maxresdefault.jpg,Hanako Oyamada,13,0,0,38,0.63,0:38,38 Seconds,2023-02-24T08:00:19,https://www.youtube.com/watch?v=V125Lwcw7o4,[],[],[],[]
金貨の７正位置,,https://i.ytimg.com/vi/1nQxbwL20tE/maxresdefault.jpg,Hanako Oyamada,7,0,0,38,0.63,0:38,38 Seconds,2023-02-18T15:05:24,https://www.youtube.com/watch?v=1nQxbwL20tE,[],[],[],[]
金貨の７逆位置,,https://i.ytimg.com/vi/0iWHX9YPt2c/maxresdefault.jpg,Hanako Oyamada,4,0,0,38,0.63,0:38,38 Seconds,2023-02-24T08:03:36,https://www.youtube.com/watch?v=0iWHX9YPt2c,[],[],[],[]
金貨の８正位置,,https://i.ytimg.com/vi/9HUg68yIB4k/maxresdefault.jpg,Hanako Oyamada,8,0,0,38,0.63,0:38,38 Seconds,2023-02-23T12:48:23,https://www.youtube.com/watch?v=9HUg68yIB4k,[],[],[],[]
金貨の８逆位置,,https://i.ytimg.com/vi/aM4yOjn_ooE/maxresdefault.jpg,Hanako Oyamada,11,0,0,38,0.63,0:38,38 Seconds,2023-02-17T00:15:44,https://www.youtube.com/watch?v=aM4yOjn_ooE,[],[],[],[]
金貨の９正位置,,https://i.ytimg.com/vi/F6ilN83nNxs/maxresdefault.jpg,Hanako Oyamada,13,0,0,38,0.63,0:38,38 Seconds,2023-02-23T12:51:05,https://www.youtube.com/watch?v=F6ilN83nNxs,[],[],[],[]
金貨の９逆位置,,https://i.ytimg.com/vi/3bfdvW_8iNA/maxresdefault.jpg,Hanako Oyamada,13,0,0,38,0.63,0:38,38 Seconds,2023-02-24T07:49:58,https://www.youtube.com/watch?v=3bfdvW_8iNA,[],[],[],[]
金貨の１０正位置,,https://i.ytimg.com/vi/FjyWafAEZt8/maxresdefault.jpg,Hanako Oyamada,13,0,0,38,0.63,0:38,38 Seconds,2023-02-18T14:56:20,https://www.youtube.com/watch?v=FjyWafAEZt8,[],[],[],[]
金貨の１０逆位置,,https://i.ytimg.com/vi/wlKBbdBoFcM/maxresdefault.jpg,Hanako Oyamada,10,0,0,38,0.63,0:38,38 Seconds,2023-02-24T07:52:39,https://www.youtube.com/watch?v=wlKBbdBoFcM,[],[],[],[]
金貨の従者正位置,,https://i.ytimg.com/vi/Qq6qOaIPkJM/maxresdefault.jpg,Hanako Oyamada,10,0,0,38,0.63,0:38,38 Seconds,2023-02-18T11:31:55,https://www.youtube.com/watch?v=Qq6qOaIPkJM,[],[],[],[]
金貨の従者の逆位置,,https://i.ytimg.com/vi/tgoUd5i7SVM/maxresdefault.jpg,Hanako Oyamada,85,0,0,38,0.63,0:38,38 Seconds,2023-02-16T13:11:53,https://www.youtube.com/watch?v=tgoUd5i7SVM,[],[],[],[]
金貨の騎士の正位置,,https://i.ytimg.com/vi/G1CsRK0dnU4/maxresdefault.jpg,Hanako Oyamada,14,0,0,38,0.63,0:38,38 Seconds,2023-02-23T12:56:40,https://www.youtube.com/watch?v=G1CsRK0dnU4,[],[],[],[]
金貨の騎士の逆位置,,https://i.ytimg.com/vi/ybDuwk0L_Uo/maxresdefault.jpg,Hanako Oyamada,43,0,0,38,0.63,0:38,38 Seconds,2023-02-17T00:17:14,https://www.youtube.com/watch?v=ybDuwk0L_Uo,[],[],[],[]
金貨の女王の正位置,,https://i.ytimg.com/vi/wrwwv9M46dc/maxresdefault.jpg,Hanako Oyamada,15,0,0,38,0.63,0:38,38 Seconds,2023-02-23T13:00:38,https://www.youtube.com/watch?v=wrwwv9M46dc,[],[],[],[]
金貨の女王の逆位置,,https://i.ytimg.com/vi/xysj2TgWPcw/maxresdefault.jpg,Hanako Oyamada,12,0,0,38,0.63,0:38,38 Seconds,2023-02-24T07:41:16,https://www.youtube.com/watch?v=xysj2TgWPcw,[],[],[],[]
金貨の王の正位置,,https://i.ytimg.com/vi/kqT924_m_7k/maxresdefault.jpg,Hanako Oyamada,14,0,0,38,0.63,0:38,38 Seconds,2023-02-23T13:03:24,https://www.youtube.com/watch?v=kqT924_m_7k,[],[],[],[]
金貨の王の逆位置,,https://i.ytimg.com/vi/PV6sKLa-HGo/maxresdefault.jpg,Hanako Oyamada,15,0,0,38,0.63,0:38,38 Seconds,2023-02-24T07:47:10,https://www.youtube.com/watch?v=PV6sKLa-HGo,[],[],[],[]